Apple iPhone 11 Pro, US Version, 64GB, Silver - Unlocked (Renewed);$464.99,,,
Apple MacBook Pro MF841LL/A 13.3-Inch Laptop (Intel Core i5 512GB 8 GB DDR3 SDRAM, Mac OS X) Silver (Renewed);$489.99,,,,,
Apple MacBook Pro MF839LL/A 13.3in Laptop, Intel Core i5 2.7 GHz, 8GB Ram, 128GB SSD (Renewed);$399.99,,,
"Apple&nbsp;Watch Series 6 (GPS + Cellular, 44mm) - Blue Aluminum Case with Deep Navy Sport Band (Renewed);$325.71",,,,,,
(Renewed) Apple Watch Series 5 (GPS + Cellular, 44MM) - Space Gray Aluminum Case with Black Sport Band;$269.00,,,,,
Apple MacBook Pro 13.3in Retina Laptop Intel i5 Dual Core 2.6GHz 8GB 128GB SSD - MGX72LL/A (Renewed);$439.00,,,,,,
Apple iPhone XS, US Version, 256GB, Gold - Unlocked (Renewed);$349.00,,,
Apple MacBook Pro MGXA2LL/A 15-Inch Laptop with Retina Display (2.2 GHz Intel Core i7 Processor, 16GB RAM, 256GB SSD) (Renewed);$597.35,,,,
Belkin 3-in-1 Wireless Charger (Wireless Charging Station for iPhone, Apple Watch, AirPods) Wireless Charging Dock, iPhone Charging Dock, Apple Watch Charging Stand;$119.99,,
Apple MacBook Air 13.3-Inch Laptop MD760LL/B, 4GB Ram - 128GB SSD - 1.4 GHz Intel i5 Dual Core (Renewed);$349.99,,,,,
Apple MacBook Air 13.3in LED Laptop Intel i5-5250U Dual Core 1.6GHz 4GB 128GB SSD Early 2015 - MJVE2LL/A (Renewed);$307.97,,,,,,
Apple iPad Mini 4, 64GB, Silver - WiFi (Renewed);$349.99,,,,
(Renewed) 2017 Apple MacBook Air with 1.8GHz Intel Core i5 (13-inch, 8GB RAM, 128GB SSD Storage);$369.00,,,,
Apple Watch Series 3 (GPS + Cellular, 38MM) - Space Gray Aluminum Case with Gray Sport Band (Renewed);$239.97,,,,,
"Apple&nbsp;Watch Series 6 (GPS + Cellular, 40mm) - Blue Aluminum Case with Deep Navy Sport Band (Renewed);$349.99",,,,,,
Apple Watch Series 6 (GPS, 40mm) - Red Aluminum Case with Red Sport Band (Renewed);$274.00,,,,,
Early 2015 Apple MacBook Air with 1.6GHz Intel Core i5 (11.6 inch, 128 GB SSD, 4 GB RAM) Silver (Renewed);$260.00,,,,
"(Renewed) Apple&nbsp;Watch Series 6 (GPS + Cellular, 40mm) - Space Gray Aluminum Case with Black Sport Band;$314.99",,,,,,
Belkin AirTag Case with Key Ring, Secure Holder Protective Cover for Air Tag with Scratch Resistance Accessory - black;$11.04,,,,,
Apple Watch Series 6 (GPS + Cellular, 44mm) - Aluminum Case (Renewed);$334.99,,,,,
iPhone Charger, [Apple MFi Certified] 3Pack 6FT USB A Cable for Long Charger Cable, Fast iPhone Charging Cord Compatible with with iPhone Xs Max/XS/XR/X/8/7/6S/6/Plus/SE/iPad(Silver);$13.99,,,,
Apple Watch SE (GPS, 40mm) - Gold Aluminum Case with Pink Sand Sport Band (Renewed);$227.99,,,,,
Fullmosa Compatible Apple Watch Band 42mm 44mm 45mm 38mm 40mm 41mm, Stainless Steel iWatch Band for Apple Watch Series 7/6/5/4/3/2/1/SE, 42mm 44mm 45mm Black;$20.99,,,,
5 Pack Bands Compatible with Apple Watch Band 38mm 40mm 41mm 42mm 44mm 45mm, Soft Silicone Sport Strap Compatible with iWatch Series 7 6 5 4 3 2 1 SE Women Men PinkSand/Stone/Lavender Gray/Black/Gray;$13.98,,,,,
4 Pack 3ft iPhone Charger Apple MFi Certified, Apple Lightning to USB Cable 3 Feet,Fast Apple Charging Cable Cord 3 Foot for iPhone 13/13Mini/13 Pro/12/11 Pro/11/XS MAX/XR/8/7/6s/6/5S/SE iPad Original;$16.99,,,,
SUPCASE [Unicorn Beetle Pro] Designed for Apple Watch Series 7/6/SE/5/4 [45/44mm], Rugged Protective Case with Strap Bands;$21.99,,,,,
iPhone 12 13 Fast Charger,ã€Apple MFi Certifiedã€‘ 2-Pack 20W Type C Fast Charger Block with 6FT USB-C to Lightning Cable Compatible with iPhone 13/13 Pro/12/12 Pro/12 Pro Max/11/Xs Max/XR/X, iPad,;$16.82,,,
Apple Watch Series 6 (GPS + Cellular, 44mm) - Gold Aluminum Case with Pink Sport Band (Renewed);$349.00,,,,,
Apple iPhone Charger Cable, 2 Pack Original Lightning to USB Cables Apple MFI Certified 6ft, Fast iPhone Charging Cord for iPhone 11/11Pro/11Max/ X/XS/XR/XS Max/8/7/6/5S/SE;$12.99,,,,
iPhone Fast Charger,ã€Apple MFi Certifiedã€‘2-Pack 20W USB C Fast Charger with 6FT USB C to Lightning Cable Compatible with iPhone 13/12 (Pro, Pro Max, Mini), 11/11 Pro Max/Xs Max, iPad, AirPods Pro;$25.99
Apple Watch SE (GPS, 44mm) - Space Gray Aluminum Case with Black Sport Band (Renewed);$244.99,,,,,
Apple MacBook Pro MLL42LL/A 13.3-inch Laptop, 2.0GHz dual-core Intel Core i5, 8GB Ram, 256GB SSD, Retina Display, Space Gray (Discontinued by Manufacturer) (Renewed);$529.00,
Fullmosa Compatible Apple Watch Band 42mm 44mm 45mm 38mm 40mm 41mm, Stainless Steel iWatch Band for Apple Watch Series 7/6/5/4/3/2/1/SE, 42mm 44mm 45mm Black;$20.99,,,,
Apple MacBook Pro 13-inch 2.3GHz Core i5, 256GB - Space Gray - 2017 (Renewed);$599.00,,,,,
(Renewed) Apple Airpods Wireless Bluetooth In-Ear Headset w/ Charging Case MMEF2AM/A;$134.99,,,,,,
4 Pack 3ft iPhone Charger Apple MFi Certified, Apple Lightning to USB Cable 3 Feet,Fast Apple Charging Cable Cord 3 Foot for iPhone 13/13Mini/13 Pro/12/11 Pro/11/XS MAX/XR/8/7/6s/6/5S/SE iPad Original;$16.99,,,,
SUPCASE [Unicorn Beetle Pro] Designed for Apple Watch Series 7/6/SE/5/4 [45/44mm], Rugged Protective Case with Strap Bands;$21.99,,,,,
iPhone 12 13 Fast Charger,ã€Apple MFi Certifiedã€‘ 2-Pack 20W Type C Fast Charger Block with 6FT USB-C to Lightning Cable Compatible with iPhone 13/13 Pro/12/12 Pro/12 Pro Max/11/Xs Max/XR/X, iPad,;$16.82,,,
iPhone 12 13 Fast Charger,ã€Apple MFi Certifiedã€‘ 2-Pack 20W Type C Fast Charger Block with 6FT USB-C to Lightning Cable Compatible with iPhone 13/13 Pro/12/12 Pro/12 Pro Max/11/Xs Max/XR/X, iPad,;$16.82,,,
iPhone 11 12 13 Fast Charger [Apple MFi Certified] 20W PD Type C Power Wall Charger with 6FT Charging Cable Compatible with iPhone 13/13 Pro Max/12/12 Mini/12 Pro/12 Pro Max/11/11 Pro iPad AirPods;$11.98,,,,,,
5 Pack Bands Compatible with Apple Watch Band 38mm 40mm 41mm 42mm 44mm 45mm Women Men, Soft Silicone Sport Replacement Strap Compatible with iWatch Series 7 6 5 4 3 2 1 SE;$12.98,,,,,
Apple Watch Series 5 (GPS, 40MM) - Silver Aluminum Case with White Sport Band (Renewed);$249.99,,,,,
Stylus Pen Digital Pencil Fine Point Active Pen for Touch Screens, Compatible with iPhone iPad and Other Tablets (White);$9.34,,,,,
Apple MacBook Pro (13-inch, 16GB RAM, 512GB SSD Storage, Magic Keyboard) - Space Gray (Renewed);$1,199.99,,
for Apple Watch Charger Fast Wireless Magnetic Wireless Charging Cable Cord Portable Charging Cord Compatible with Apple Watch Series 6 SE 5 4 3 2 1 / 38mm 40mm 42mm 44mm 3.3Ft;$12.69,,,,,,
[Apple MFi Certified] iPhone Charger, Apple iPhone Charger to USB Fast Charging Data Sync Transfer Cable with USB Wall Charger Travel Plug Compatible iPhone 12/11/11 Pro/Xs/XR/X/8/8Plus and More;$10.11,,,,,
Misxi 2 Pack Hard PC Case with Tempered Glass Screen Protector Compatible with Apple Watch Series 6 SE Series 5 Series 4 44mm, Black;$9.99,,,,,
Apple Watch Series 4 (GPS, 44MM) - Space Gray Aluminum Case with Black Sport Band (Renewed);$219.00,,,,,
Lightning Cable MFi Certified - iPhone Charger 3Pack 6FT Lightning to USB A Charging Cable Cord Compatible with iPhone 13 12 Mini Pro Max SE 11 Xs Max XR X 8 7 6 Plus 5S iPad Pro Airpods - White;$11.95,,,,,,
Apple Watch Charger, Wireless Magnetic Charging Cable, Portable Charger Compatible with Apple Watch Series SE 6 5 4 3 2 / 38mm 40mm 42mm 44mm 3.3Ft;$10.48,,,,
